Product Name,Pack size,CFA region,CFA,Jan -2026 (in kL)
SKU_001,20 X 900 ML,East,Kolkata CFA,191.73892965076308
SKU_001,20 X 900 ML,East,Guwahati CFA,24.07293610519813
SKU_001,20 X 900 ML,East,Kanpur CFA,248.52985386007745
SKU_001,20 X 900 ML,East,Jamshedpur CFA,43.4387831204526
SKU_001,20 X 900 ML,North,Rajpura CFA,42.10172740631822
SKU_001,20 X 900 ML,North,Haryana CFA,127.69665152132309
SKU_001,20 X 900 ML,South,Bangalore CFA,51.199973798928895
SKU_001,20 X 900 ML,South,Hyderabad CFA,177.74466267110003
SKU_001,20 X 900 ML,West,Bhiwandi CFA,90.72404510719502
SKU_001,20 X 900 ML,West,Ahmedabad CFA,49.12484435398197
SKU_002,20 X 1 LT,East,Kolkata CFA,134.66433977881815
SKU_002,20 X 1 LT,East,Guwahati CFA,37.88698371168248
SKU_002,20 X 1 LT,East,Kanpur CFA,140.43911232365096
SKU_002,20 X 1 LT,East,Jamshedpur CFA,18.906222907058574
SKU_002,20 X 1 LT,North,Rajpura CFA,22.385948608623263
SKU_002,20 X 1 LT,North,Haryana CFA,58.53558613330952
SKU_002,20 X 1 LT,South,Bangalore CFA,94.58457850408718
SKU_002,20 X 1 LT,South,Hyderabad CFA,134.2405495017759
SKU_002,20 X 1 LT,West,Bhiwandi CFA,45.75960398838822
SKU_002,20 X 1 LT,West,Ahmedabad CFA,5.627946165526996
SKU_003,20 X 900 ML,East,Kolkata CFA,26.882180954737596
SKU_003,20 X 900 ML,East,Guwahati CFA,0.9725184956226832
SKU_003,20 X 900 ML,East,Kanpur CFA,27.458414263360922
SKU_003,20 X 900 ML,East,Jamshedpur CFA,4.503524156408717
SKU_003,20 X 900 ML,North,Rajpura CFA,39.39626384071783
SKU_003,20 X 900 ML,North,Haryana CFA,28.494814803747865
SKU_003,20 X 900 ML,South,Bangalore CFA,10.046178576001976
SKU_003,20 X 900 ML,South,Hyderabad CFA,22.129490835480574
SKU_003,20 X 900 ML,West,Bhiwandi CFA,59.078654680235836
SKU_003,20 X 900 ML,West,Ahmedabad CFA,27.038585301050155
SKU_004,12 X 800 ML,East,Kolkata CFA,46.51893870891772
SKU_004,12 X 800 ML,East,Guwahati CFA,16.86153077525121
SKU_004,12 X 800 ML,East,Kanpur CFA,23.261901705228315
SKU_004,12 X 800 ML,East,Jamshedpur CFA,4.978759390525353
SKU_004,12 X 800 ML,North,Rajpura CFA,11.38367990722865
SKU_004,12 X 800 ML,North,Haryana CFA,19.494203609964227
SKU_004,12 X 800 ML,South,Bangalore CFA,30.45822963809514
SKU_004,12 X 800 ML,South,Hyderabad CFA,51.89213430828975
SKU_004,12 X 800 ML,West,Bhiwandi CFA,28.834877809035653
SKU_004,12 X 800 ML,West,Ahmedabad CFA,5.779868035100566
SKU_005,1 X 7.5 LT,East,Kolkata CFA,2.749401613465107
SKU_005,1 X 7.5 LT,East,Guwahati CFA,1.3704289619659544
SKU_005,1 X 7.5 LT,East,Kanpur CFA,18.90541524546781
SKU_005,1 X 7.5 LT,East,Jamshedpur CFA,2.0826235151590313
SKU_005,1 X 7.5 LT,North,Rajpura CFA,1.886856677212112
SKU_005,1 X 7.5 LT,North,Haryana CFA,2.5336522067628513
SKU_005,1 X 7.5 LT,South,Bangalore CFA,5.11692746914396
SKU_005,1 X 7.5 LT,South,Hyderabad CFA,6.810275121569733
SKU_005,1 X 7.5 LT,West,Bhiwandi CFA,0.8150722143934142
SKU_005,1 X 7.5 LT,West,Ahmedabad CFA,2.332911886773248
SKU_006,1 X 210 LT,East,Kolkata CFA,20.92890515174294
SKU_006,1 X 210 LT,East,Guwahati CFA,11.62716952874607
SKU_006,1 X 210 LT,East,Kanpur CFA,13.9526034344953
SKU_006,1 X 210 LT,East,Jamshedpur CFA,0.7751446352497388
SKU_006,1 X 210 LT,North,Rajpura CFA,20.506365697258396
SKU_006,1 X 210 LT,North,Haryana CFA,94.73268612274444
SKU_006,1 X 210 LT,South,Bangalore CFA,38.269415089305376
SKU_006,1 X 210 LT,South,Hyderabad CFA,36.014688404107424
SKU_006,1 X 210 LT,West,Bhiwandi CFA,42.47912334060828
SKU_006,1 X 210 LT,West,Ahmedabad CFA,23.560106615638972
SKU_007,4 X 3.5 LT,East,Kolkata CFA,16.603847861164343
SKU_007,4 X 3.5 LT,East,Guwahati CFA,1.715897406090112
SKU_007,4 X 3.5 LT,East,Kanpur CFA,38.16352233965875
SKU_007,4 X 3.5 LT,East,Jamshedpur CFA,4.109443635499059
SKU_007,4 X 3.5 LT,North,Rajpura CFA,14.30884661188277
SKU_007,4 X 3.5 LT,North,Haryana CFA,74.15287681587796
SKU_007,4 X 3.5 LT,South,Bangalore CFA,13.826362764181509
SKU_007,4 X 3.5 LT,South,Hyderabad CFA,12.300124526394264
SKU_007,4 X 3.5 LT,West,Bhiwandi CFA,32.081752178165964
SKU_007,4 X 3.5 LT,West,Ahmedabad CFA,2.8202578225268766
SKU_008,20 X 1 LT,East,Kolkata CFA,5.639898353461429
SKU_008,20 X 1 LT,East,Guwahati CFA,4.660129662135137
SKU_008,20 X 1 LT,East,Kanpur CFA,50.463048072013436
SKU_008,20 X 1 LT,East,Jamshedpur CFA,1.7164270858019675
SKU_008,20 X 1 LT,North,Rajpura CFA,13.149811783333929
SKU_008,20 X 1 LT,North,Haryana CFA,53.21242014233052
SKU_008,20 X 1 LT,South,Bangalore CFA,21.677903501007492
SKU_008,20 X 1 LT,South,Hyderabad CFA,12.599702485492259
SKU_008,20 X 1 LT,West,Bhiwandi CFA,56.54871253713298
SKU_008,20 X 1 LT,West,Ahmedabad CFA,11.714874203877542
SKU_009,4 X 3 LT,East,Kolkata CFA,21.952637604029036
SKU_009,4 X 3 LT,East,Guwahati CFA,2.4679918473385554
SKU_009,4 X 3 LT,East,Kanpur CFA,40.21441601023079
SKU_009,4 X 3 LT,East,Jamshedpur CFA,5.294192227985154
SKU_009,4 X 3 LT,North,Rajpura CFA,5.89871598473378
SKU_009,4 X 3 LT,North,Haryana CFA,4.299153989466963
SKU_009,4 X 3 LT,South,Bangalore CFA,34.40261878915742
SKU_009,4 X 3 LT,South,Hyderabad CFA,51.7114618072368
SKU_009,4 X 3 LT,West,Bhiwandi CFA,21.280079345251202
SKU_009,4 X 3 LT,West,Ahmedabad CFA,2.571125483957635
SKU_010,1 X 8.5 LT,East,Kolkata CFA,3.242555011783835
SKU_010,1 X 8.5 LT,East,Guwahati CFA,1.3202248668142196
SKU_010,1 X 8.5 LT,East,Kanpur CFA,10.093245013798356
SKU_010,1 X 8.5 LT,East,Jamshedpur CFA,1.0450281302712008
SKU_010,1 X 8.5 LT,North,Rajpura CFA,0.9536965771668993
SKU_010,1 X 8.5 LT,North,Haryana CFA,0.7402634428022948
SKU_010,1 X 8.5 LT,South,Bangalore CFA,1.3790581784875031
SKU_010,1 X 8.5 LT,South,Hyderabad CFA,0.7850605542830094
SKU_010,1 X 8.5 LT,West,Bhiwandi CFA,0.4810207677347288
SKU_010,1 X 8.5 LT,West,Ahmedabad CFA,0.7956649405117985
SKU_011,20 X 900 ML,East,Kolkata CFA,43.78524814773371
SKU_011,20 X 900 ML,East,Guwahati CFA,6.868164843650288
SKU_011,20 X 900 ML,East,Kanpur CFA,8.904867942375116
SKU_011,20 X 900 ML,East,Jamshedpur CFA,8.92128993577648
SKU_011,20 X 900 ML,North,Rajpura CFA,3.211218454489444
SKU_011,20 X 900 ML,North,Haryana CFA,17.507180961442028
SKU_011,20 X 900 ML,South,Bangalore CFA,8.547139190828634
SKU_011,20 X 900 ML,South,Hyderabad CFA,33.731747968387054
SKU_011,20 X 900 ML,West,Bhiwandi CFA,25.584957561459362
SKU_011,20 X 900 ML,West,Ahmedabad CFA,2.728056395611244
SKU_012,1 X 15 LT,East,Kolkata CFA,28.115769884324664
SKU_012,1 X 15 LT,East,Guwahati CFA,7.008274993455867
SKU_012,1 X 15 LT,East,Kanpur CFA,28.24751159710803
SKU_012,1 X 15 LT,East,Jamshedpur CFA,16.787325374354896
SKU_012,1 X 15 LT,North,Rajpura CFA,15.317904298167605
SKU_012,1 X 15 LT,North,Haryana CFA,13.80540740079718
SKU_012,1 X 15 LT,South,Bangalore CFA,5.848822897696478
SKU_012,1 X 15 LT,South,Hyderabad CFA,5.512541664693811
SKU_012,1 X 15 LT,West,Bhiwandi CFA,13.498580593987098
SKU_012,1 X 15 LT,West,Ahmedabad CFA,5.422314990139074
SKU_013,1 X 15 LT,East,Kolkata CFA,15.788928827774292
SKU_013,1 X 15 LT,East,Guwahati CFA,4.033577911470464
SKU_013,1 X 15 LT,East,Kanpur CFA,0
SKU_013,1 X 15 LT,East,Jamshedpur CFA,0.7647762400953173
SKU_013,1 X 15 LT,North,Rajpura CFA,0
SKU_013,1 X 15 LT,North,Haryana CFA,0
SKU_013,1 X 15 LT,South,Bangalore CFA,13.645861790443318
SKU_013,1 X 15 LT,South,Hyderabad CFA,13.12208467942719
SKU_013,1 X 15 LT,West,Bhiwandi CFA,25.049751030006504
SKU_013,1 X 15 LT,West,Ahmedabad CFA,0
SKU_014,1 X 7.5 LT,East,Kolkata CFA,19.652989462681663
SKU_014,1 X 7.5 LT,East,Guwahati CFA,4.310613945154938
SKU_014,1 X 7.5 LT,East,Kanpur CFA,41.554170649115726
SKU_014,1 X 7.5 LT,East,Jamshedpur CFA,4.816804705092789
SKU_014,1 X 7.5 LT,North,Rajpura CFA,8.204446614512818
SKU_014,1 X 7.5 LT,North,Haryana CFA,7.138093637242585
SKU_014,1 X 7.5 LT,South,Bangalore CFA,14.547825035487357
SKU_014,1 X 7.5 LT,South,Hyderabad CFA,4.394617097316047
SKU_014,1 X 7.5 LT,West,Bhiwandi CFA,8.200798413437465
SKU_014,1 X 7.5 LT,West,Ahmedabad CFA,3.7721548142637857
SKU_015,20 X 1 LT,East,Kolkata CFA,20.26979769249226
SKU_015,20 X 1 LT,East,Guwahati CFA,2.350744075406126
SKU_015,20 X 1 LT,East,Kanpur CFA,13.491885607574126
SKU_015,20 X 1 LT,East,Jamshedpur CFA,2.167142256657369
SKU_015,20 X 1 LT,North,Rajpura CFA,6.380172259339677
SKU_015,20 X 1 LT,North,Haryana CFA,6.839783578724132
SKU_015,20 X 1 LT,South,Bangalore CFA,23.332751384988196
SKU_015,20 X 1 LT,South,Hyderabad CFA,14.827336260259399
SKU_015,20 X 1 LT,West,Bhiwandi CFA,18.186995903644057
SKU_015,20 X 1 LT,West,Ahmedabad CFA,3.996827179582772
SKU_016,1 X 10 LT,East,Kolkata CFA,5.7435812546089045
SKU_016,1 X 10 LT,East,Guwahati CFA,0.7035979615575061
SKU_016,1 X 10 LT,East,Kanpur CFA,14.436315074730906
SKU_016,1 X 10 LT,East,Jamshedpur CFA,0.8300339862283658
SKU_016,1 X 10 LT,North,Rajpura CFA,1.2888550659289546
SKU_016,1 X 10 LT,North,Haryana CFA,1.1086247984839446
SKU_016,1 X 10 LT,South,Bangalore CFA,4.330475950023454
SKU_016,1 X 10 LT,South,Hyderabad CFA,5.033067167997237
SKU_016,1 X 10 LT,West,Bhiwandi CFA,0.5434924383770937
SKU_016,1 X 10 LT,West,Ahmedabad CFA,0.48978677480532706
SKU_017,1 X 20 LT,East,Kolkata CFA,31.29003864045895
SKU_017,1 X 20 LT,East,Guwahati CFA,21.923585549399096
SKU_017,1 X 20 LT,East,Jamshedpur CFA,0.9374676491490987
SKU_017,1 X 20 LT,North,Haryana CFA,0
SKU_017,1 X 20 LT,South,Bangalore CFA,29.103798076646996
SKU_017,1 X 20 LT,South,Hyderabad CFA,27.958645279533222
SKU_017,1 X 20 LT,West,Bhiwandi CFA,42.2275095777035
SKU_018,4 X 3.5 LT,East,Kolkata CFA,12.812795948782492
SKU_018,4 X 3.5 LT,East,Guwahati CFA,7.069544342860734
SKU_018,4 X 3.5 LT,East,Kanpur CFA,16.409016855596274
SKU_018,4 X 3.5 LT,East,Jamshedpur CFA,1.1841646269676986
SKU_018,4 X 3.5 LT,North,Rajpura CFA,6.165293008820661
SKU_018,4 X 3.5 LT,North,Haryana CFA,6.546131181758236
SKU_018,4 X 3.5 LT,South,Bangalore CFA,5.295830156263384
SKU_018,4 X 3.5 LT,South,Hyderabad CFA,16.989342491809747
SKU_018,4 X 3.5 LT,West,Bhiwandi CFA,8.5658488187714
SKU_018,4 X 3.5 LT,West,Ahmedabad CFA,4.610958116324384
SKU_019,1 X 210 LT,East,Kolkata CFA,5.69211325787753
SKU_019,1 X 210 LT,East,Guwahati CFA,3.471920214681167
SKU_019,1 X 210 LT,East,Kanpur CFA,5.267741015378322
SKU_019,1 X 210 LT,East,Jamshedpur CFA,1.8556814940537265
SKU_019,1 X 210 LT,North,Rajpura CFA,5.739864824714072
SKU_019,1 X 210 LT,North,Haryana CFA,14.575171774457752
SKU_019,1 X 210 LT,South,Bangalore CFA,9.379312954633136
SKU_019,1 X 210 LT,South,Hyderabad CFA,4.923032146577834
SKU_019,1 X 210 LT,West,Bhiwandi CFA,5.843799297360493
SKU_019,1 X 210 LT,West,Ahmedabad CFA,4.414480171045041
SKU_020,1 X 210 LT,East,Kolkata CFA,4.805419646217536
SKU_020,1 X 210 LT,East,Guwahati CFA,1.8968761761385016
SKU_020,1 X 210 LT,East,Kanpur CFA,7.271358675197587
SKU_020,1 X 210 LT,East,Jamshedpur CFA,5.121565675573953
SKU_020,1 X 210 LT,North,Rajpura CFA,7.1413642505607235
SKU_020,1 X 210 LT,North,Haryana CFA,16.087691920789812
SKU_020,1 X 210 LT,South,Bangalore CFA,16.556249062778207
SKU_020,1 X 210 LT,South,Hyderabad CFA,19.709820312831198
SKU_020,1 X 210 LT,West,Bhiwandi CFA,25.198149632345306
SKU_020,1 X 210 LT,West,Ahmedabad CFA,14.10051896525023
SKU_021,20 X 1 LT,East,Kolkata CFA,17.22289258369133
SKU_021,20 X 1 LT,East,Guwahati CFA,1.2053666892525137
SKU_021,20 X 1 LT,East,Kanpur CFA,5.033302772909402
SKU_021,20 X 1 LT,East,Jamshedpur CFA,2.047883781572654
SKU_021,20 X 1 LT,North,Rajpura CFA,1.3290047794683226
SKU_021,20 X 1 LT,North,Haryana CFA,7.454148296201599
SKU_021,20 X 1 LT,South,Bangalore CFA,21.938765128424322
SKU_021,20 X 1 LT,South,Hyderabad CFA,27.869597366514327
SKU_021,20 X 1 LT,West,Bhiwandi CFA,35.39020105863025
SKU_021,20 X 1 LT,West,Ahmedabad CFA,1.1313581290039212
SKU_022,1 X 210 LT,East,Kolkata CFA,9.297118321199964
SKU_022,1 X 210 LT,East,Kanpur CFA,0.37400918500576186
SKU_022,1 X 210 LT,East,Jamshedpur CFA,8.924679400713217
SKU_022,1 X 210 LT,North,Rajpura CFA,7.441092375197778
SKU_022,1 X 210 LT,North,Haryana CFA,20.244351659211084
SKU_022,1 X 210 LT,South,Bangalore CFA,14.0616835404225
SKU_022,1 X 210 LT,South,Hyderabad CFA,0.5222437846766863
SKU_022,1 X 210 LT,West,Bhiwandi CFA,19.32632652591684
SKU_022,1 X 210 LT,West,Ahmedabad CFA,4.678195252482188
SKU_023,1 X 20 LT,East,Kolkata CFA,22.21140456448873
SKU_023,1 X 20 LT,East,Guwahati CFA,26.841179007216297
SKU_023,1 X 20 LT,East,Jamshedpur CFA,0.032893601724529785
SKU_023,1 X 20 LT,South,Bangalore CFA,24.44510828838872
SKU_023,1 X 20 LT,South,Hyderabad CFA,23.234889991438944
SKU_023,1 X 20 LT,West,Bhiwandi CFA,29.396111787085864
SKU_024,1 X 15 LT,East,Kolkata CFA,33.57614396031377
SKU_024,1 X 15 LT,East,Guwahati CFA,32.76202731763166
SKU_024,1 X 15 LT,East,Jamshedpur CFA,0.2096967109938774
SKU_024,1 X 15 LT,South,Bangalore CFA,49.69214886225625
SKU_024,1 X 15 LT,South,Hyderabad CFA,47.8768214168316
SKU_024,1 X 15 LT,West,Bhiwandi CFA,54.91878289946888
SKU_025,1 X 7.5 LT,East,Kolkata CFA,12.531158369196772
SKU_025,1 X 7.5 LT,East,Guwahati CFA,3.7374799860458126
SKU_025,1 X 7.5 LT,East,Kanpur CFA,12.638228357465653
SKU_025,1 X 7.5 LT,East,Jamshedpur CFA,5.5762188018707075
SKU_025,1 X 7.5 LT,North,Rajpura CFA,5.741875908469819
SKU_025,1 X 7.5 LT,North,Haryana CFA,5.958900912196522
SKU_025,1 X 7.5 LT,South,Bangalore CFA,14.378015263449539
SKU_025,1 X 7.5 LT,South,Hyderabad CFA,10.270867962970302
SKU_025,1 X 7.5 LT,West,Bhiwandi CFA,14.787417979934512
SKU_025,1 X 7.5 LT,West,Ahmedabad CFA,2.841275107575977
SKU_026,1 X 180 KG,East,Kolkata CFA,3.2526361473585874
SKU_026,1 X 180 KG,East,Guwahati CFA,4.156042424470559
SKU_026,1 X 180 KG,East,Kanpur CFA,2.059558560813057
SKU_026,1 X 180 KG,East,Jamshedpur CFA,4.1560424244705585
SKU_026,1 X 180 KG,North,Rajpura CFA,0.71807994420102
SKU_026,1 X 180 KG,North,Haryana CFA,1.0495014569091832
SKU_026,1 X 180 KG,South,Bangalore CFA,15.974736965426036
SKU_026,1 X 180 KG,South,Hyderabad CFA,11.066057682249301
SKU_026,1 X 180 KG,West,Bhiwandi CFA,4.023323700192949
SKU_026,1 X 180 KG,West,Ahmedabad CFA,2.276845303151011
SKU_027,20 X 700 ML,East,Kolkata CFA,8.394296844729775
SKU_027,20 X 700 ML,East,Guwahati CFA,1.3133706730965293
SKU_027,20 X 700 ML,East,Kanpur CFA,0.8142596595546796
SKU_027,20 X 700 ML,East,Jamshedpur CFA,1.9489455740267099
SKU_027,20 X 700 ML,North,Rajpura CFA,0.5322158821301123
SKU_027,20 X 700 ML,North,Haryana CFA,5.638287052040063
SKU_027,20 X 700 ML,South,Bangalore CFA,17.27913295791448
SKU_027,20 X 700 ML,South,Hyderabad CFA,26.0598735817279
SKU_027,20 X 700 ML,West,Bhiwandi CFA,20.683497412139843
SKU_027,20 X 700 ML,West,Ahmedabad CFA,7.556906430952577
SKU_028,1 X 50 LT,East,Kolkata CFA,27.404481936748876
SKU_028,1 X 50 LT,East,Guwahati CFA,20.250123561663642
SKU_028,1 X 50 LT,East,Jamshedpur CFA,0.7401060388019198
SKU_028,1 X 50 LT,South,Bangalore CFA,16.054912084535314
SKU_028,1 X 50 LT,South,Hyderabad CFA,15.61571996064225
SKU_028,1 X 50 LT,West,Bhiwandi CFA,27.924804864136714
SKU_029,4 X 3.5 LT,East,Kolkata CFA,9.450413552293645
SKU_029,4 X 3.5 LT,East,Guwahati CFA,3.5700793185097583
SKU_029,4 X 3.5 LT,East,Kanpur CFA,11.649016927315074
SKU_029,4 X 3.5 LT,East,Jamshedpur CFA,4.121540916263085
SKU_029,4 X 3.5 LT,North,Rajpura CFA,10.996626208140844
SKU_029,4 X 3.5 LT,North,Haryana CFA,6.10830626871091
SKU_029,4 X 3.5 LT,South,Bangalore CFA,11.244732816063701
SKU_029,4 X 3.5 LT,South,Hyderabad CFA,6.280556929731377
SKU_029,4 X 3.5 LT,West,Bhiwandi CFA,15.949310552225592
SKU_029,4 X 3.5 LT,West,Ahmedabad CFA,4.7211456822433036
SKU_030,20 X 1 LT,East,Kolkata CFA,3.854089481444669
SKU_030,20 X 1 LT,East,Guwahati CFA,0.9063459450051994
SKU_030,20 X 1 LT,East,Kanpur CFA,6.191027041803252
SKU_030,20 X 1 LT,East,Jamshedpur CFA,0.8256462312336931
SKU_030,20 X 1 LT,North,Rajpura CFA,11.67306231164499
SKU_030,20 X 1 LT,North,Haryana CFA,4.574017250438072
SKU_030,20 X 1 LT,South,Bangalore CFA,10.103767684998509
SKU_030,20 X 1 LT,South,Hyderabad CFA,16.831357202299387
SKU_030,20 X 1 LT,West,Bhiwandi CFA,10.697653732405394
SKU_030,20 X 1 LT,West,Ahmedabad CFA,4.2708899550010235
SKU_031,1 X 15 LT,East,Kolkata CFA,23.171486564823443
SKU_031,1 X 15 LT,East,Guwahati CFA,15.895832827794003
SKU_031,1 X 15 LT,East,Jamshedpur CFA,0.3268801671375146
SKU_031,1 X 15 LT,South,Bangalore CFA,18.387510253656245
SKU_031,1 X 15 LT,South,Hyderabad CFA,16.552663158280787
SKU_031,1 X 15 LT,West,Bhiwandi CFA,30.334445283864643
SKU_032,10 X 1 LT,East,Kolkata CFA,10.767326312504608
SKU_032,10 X 1 LT,East,Guwahati CFA,2.265204793193657
SKU_032,10 X 1 LT,East,Kanpur CFA,10.919848957448657
SKU_032,10 X 1 LT,East,Jamshedpur CFA,1.2597681504648335
SKU_032,10 X 1 LT,North,Rajpura CFA,1.6110885509728252
SKU_032,10 X 1 LT,North,Haryana CFA,8.701412190574692
SKU_032,10 X 1 LT,South,Bangalore CFA,7.807683412806424
SKU_032,10 X 1 LT,South,Hyderabad CFA,11.527534604741668
SKU_032,10 X 1 LT,West,Bhiwandi CFA,4.075638471854703
SKU_032,10 X 1 LT,West,Ahmedabad CFA,0.7982193916319265
SKU_033,1 X 210 LT,East,Kolkata CFA,10.475621337400073
SKU_033,1 X 210 LT,East,Guwahati CFA,4.429691308386316
SKU_033,1 X 210 LT,East,Kanpur CFA,3.1726167478983065
SKU_033,1 X 210 LT,East,Jamshedpur CFA,11.193949657678935
SKU_033,1 X 210 LT,North,Rajpura CFA,1.2244183663940464
SKU_033,1 X 210 LT,North,Haryana CFA,8.119827061349993
SKU_033,1 X 210 LT,South,Bangalore CFA,8.082837363159197
SKU_033,1 X 210 LT,South,Hyderabad CFA,6.17890769417422
SKU_033,1 X 210 LT,West,Bhiwandi CFA,6.593780508649558
SKU_033,1 X 210 LT,West,Ahmedabad CFA,6.25850353363348
SKU_034,20 X 1 LT,East,Kolkata CFA,0.9037475281399729
SKU_034,20 X 1 LT,East,Guwahati CFA,0.7212143616476303
SKU_034,20 X 1 LT,East,Kanpur CFA,3.8272472061201257
SKU_034,20 X 1 LT,East,Jamshedpur CFA,0.29471761231856136
SKU_034,20 X 1 LT,North,Rajpura CFA,0.3167637557091507
SKU_034,20 X 1 LT,North,Haryana CFA,1.1814604976975578
SKU_034,20 X 1 LT,South,Bangalore CFA,3.8907085070005687
SKU_034,20 X 1 LT,South,Hyderabad CFA,9.08967702007195
SKU_034,20 X 1 LT,West,Bhiwandi CFA,0.47793602094279675
SKU_034,20 X 1 LT,West,Ahmedabad CFA,0.3096508776102731
SKU_035,1 X 210 LT,East,Kolkata CFA,1.6099999999999999
SKU_035,1 X 210 LT,East,Guwahati CFA,1.9754028807668704
SKU_035,1 X 210 LT,East,Kanpur CFA,1.376795947201152
SKU_035,1 X 210 LT,East,Jamshedpur CFA,3.112756054541736
SKU_035,1 X 210 LT,North,Rajpura CFA,2.255507517041665
SKU_035,1 X 210 LT,North,Haryana CFA,11.442237708662907
SKU_035,1 X 210 LT,South,Bangalore CFA,4.538356708200997
SKU_035,1 X 210 LT,South,Hyderabad CFA,5.312639040685693
SKU_035,1 X 210 LT,West,Bhiwandi CFA,10.78412640499273
SKU_035,1 X 210 LT,West,Ahmedabad CFA,4.074646698559969
SKU_036,1 X 20 LT,East,Kolkata CFA,5.907329215698084
SKU_036,1 X 20 LT,East,Guwahati CFA,0.3533011520726462
SKU_036,1 X 20 LT,East,Kanpur CFA,3.8622580534040596
SKU_036,1 X 20 LT,East,Jamshedpur CFA,3.3153378251366803
SKU_036,1 X 20 LT,North,Rajpura CFA,2.6319428495103927
SKU_036,1 X 20 LT,North,Haryana CFA,1.9712178977928714
SKU_036,1 X 20 LT,South,Bangalore CFA,4.271425996909547
SKU_036,1 X 20 LT,South,Hyderabad CFA,10.661514298296218
SKU_036,1 X 20 LT,West,Bhiwandi CFA,6.170839683705114
SKU_036,1 X 20 LT,West,Ahmedabad CFA,1.2213561679013263
SKU_037,1 X 7.5 LT,East,Kolkata CFA,8.310900599720073
SKU_037,1 X 7.5 LT,East,Guwahati CFA,1.7439266832199494
SKU_037,1 X 7.5 LT,East,Kanpur CFA,6.288775467361098
SKU_037,1 X 7.5 LT,East,Jamshedpur CFA,3.2501828028413473
SKU_037,1 X 7.5 LT,North,Rajpura CFA,4.317860134153763
SKU_037,1 X 7.5 LT,North,Haryana CFA,4.366509680853946
SKU_037,1 X 7.5 LT,South,Bangalore CFA,4.94947473576615
SKU_037,1 X 7.5 LT,South,Hyderabad CFA,5.067529167067594
SKU_037,1 X 7.5 LT,West,Bhiwandi CFA,14.750017629040705
SKU_037,1 X 7.5 LT,West,Ahmedabad CFA,5.0383634466843485
SKU_038,4 X 3 LT,East,Kolkata CFA,10.92921274494336
SKU_038,4 X 3 LT,East,Guwahati CFA,2.0182318177680876
SKU_038,4 X 3 LT,East,Kanpur CFA,8.113411898767776
SKU_038,4 X 3 LT,East,Jamshedpur CFA,4.801248149739924
SKU_038,4 X 3 LT,North,Rajpura CFA,5.97315232107188
SKU_038,4 X 3 LT,North,Haryana CFA,4.285069721525236
SKU_038,4 X 3 LT,South,Bangalore CFA,5.0021243894499685
SKU_038,4 X 3 LT,South,Hyderabad CFA,9.263414067591961
SKU_038,4 X 3 LT,West,Bhiwandi CFA,11.25896895018417
SKU_038,4 X 3 LT,West,Ahmedabad CFA,2.9025864078694386
SKU_039,20 X 1 LT,East,Kolkata CFA,13.960698260600816
SKU_039,20 X 1 LT,East,Guwahati CFA,2.792502970179168
SKU_039,20 X 1 LT,East,Kanpur CFA,6.344664948967188
SKU_039,20 X 1 LT,East,Jamshedpur CFA,3.969653481352633
SKU_039,20 X 1 LT,North,Rajpura CFA,6.861859469071378
SKU_039,20 X 1 LT,North,Haryana CFA,1.9550409142307672
SKU_039,20 X 1 LT,South,Bangalore CFA,6.544686117866866
SKU_039,20 X 1 LT,South,Hyderabad CFA,9.03124371975012
SKU_039,20 X 1 LT,West,Bhiwandi CFA,13.754711621261993
SKU_039,20 X 1 LT,West,Ahmedabad CFA,3.076747026370262
SKU_040,1 X 210 LT,East,Kolkata CFA,0
SKU_040,1 X 210 LT,East,Kanpur CFA,0
SKU_040,1 X 210 LT,East,Jamshedpur CFA,2.9748931335710727
SKU_040,1 X 210 LT,North,Rajpura CFA,0.5119643670124072
SKU_040,1 X 210 LT,North,Haryana CFA,15.347963595878088
SKU_040,1 X 210 LT,South,Bangalore CFA,13.085814889439462
SKU_040,1 X 210 LT,South,Hyderabad CFA,3.2255308461305994
SKU_040,1 X 210 LT,West,Bhiwandi CFA,17.414931594782207
SKU_040,1 X 210 LT,West,Ahmedabad CFA,17.49601357858614
SKU_041,1 X 210 LT,East,Kolkata CFA,6.635838144023198
SKU_041,1 X 210 LT,East,Guwahati CFA,3.9471795856689713
SKU_041,1 X 210 LT,East,Kanpur CFA,8.12318117630426
SKU_041,1 X 210 LT,East,Jamshedpur CFA,14.759019320327461
SKU_041,1 X 210 LT,North,Rajpura CFA,4.542568532718049
SKU_041,1 X 210 LT,North,Haryana CFA,8.740131860419536
SKU_041,1 X 210 LT,South,Bangalore CFA,2.359481469986432
SKU_041,1 X 210 LT,South,Hyderabad CFA,2.7047714412039583
SKU_041,1 X 210 LT,West,Bhiwandi CFA,9.2706902833067
SKU_041,1 X 210 LT,West,Ahmedabad CFA,6.286289986625775
SKU_042,4 X 5 LT,East,Kolkata CFA,3.283105374058962
SKU_042,4 X 5 LT,East,Guwahati CFA,0.2440457010170056
SKU_042,4 X 5 LT,East,Kanpur CFA,3.7063135471553665
SKU_042,4 X 5 LT,East,Jamshedpur CFA,2.1398998689518574
SKU_042,4 X 5 LT,North,Rajpura CFA,3.5888393426923297
SKU_042,4 X 5 LT,North,Haryana CFA,1.3402293990056116
SKU_042,4 X 5 LT,South,Bangalore CFA,4.977333176392088
SKU_042,4 X 5 LT,South,Hyderabad CFA,7.668189634399571
SKU_042,4 X 5 LT,West,Bhiwandi CFA,6.014305505356259
SKU_042,4 X 5 LT,West,Ahmedabad CFA,1.5598960682732628
SKU_043,1 X 7.5 LT,East,Kolkata CFA,2.8978148269736943
SKU_043,1 X 7.5 LT,East,Guwahati CFA,0.6535659592209211
SKU_043,1 X 7.5 LT,East,Kanpur CFA,9.813016478962062
SKU_043,1 X 7.5 LT,East,Jamshedpur CFA,2.5277998578427834
SKU_043,1 X 7.5 LT,North,Rajpura CFA,4.191727798917628
SKU_043,1 X 7.5 LT,North,Haryana CFA,3.631942186053918
SKU_043,1 X 7.5 LT,South,Bangalore CFA,3.522301906322596
SKU_043,1 X 7.5 LT,South,Hyderabad CFA,2.7000610827646407
SKU_043,1 X 7.5 LT,West,Bhiwandi CFA,5.049449844113405
SKU_043,1 X 7.5 LT,West,Ahmedabad CFA,5.201800312453381
SKU_044,1 X 8.5 LT,East,Kolkata CFA,0.3210081304280541
SKU_044,1 X 8.5 LT,East,Guwahati CFA,0.002955195677128232
SKU_044,1 X 8.5 LT,East,Kanpur CFA,0.6793498438654795
SKU_044,1 X 8.5 LT,East,Jamshedpur CFA,0.054301720567231274
SKU_044,1 X 8.5 LT,North,Rajpura CFA,0.1903622612365725
SKU_044,1 X 8.5 LT,North,Haryana CFA,0.4547156743391698
SKU_044,1 X 8.5 LT,South,Bangalore CFA,0.9916096901917227
SKU_044,1 X 8.5 LT,South,Hyderabad CFA,1.468397618533493
SKU_044,1 X 8.5 LT,West,Bhiwandi CFA,4.991886623367594
SKU_044,1 X 8.5 LT,West,Ahmedabad CFA,0.7523513507443682
SKU_045,1 X 210 LT,East,Kolkata CFA,0
SKU_045,1 X 210 LT,East,Jamshedpur CFA,0
SKU_045,1 X 210 LT,North,Haryana CFA,52.77119201461508
SKU_045,1 X 210 LT,West,Bhiwandi CFA,24.543210251186316
SKU_046,1 X 210 LT,East,Kolkata CFA,3.2613031461101167
SKU_046,1 X 210 LT,East,Guwahati CFA,2.2541359980466993
SKU_046,1 X 210 LT,East,Kanpur CFA,1.6086338344031277
SKU_046,1 X 210 LT,East,Jamshedpur CFA,0.5275637442236957
SKU_046,1 X 210 LT,North,Rajpura CFA,4.706743441401743
SKU_046,1 X 210 LT,North,Haryana CFA,18.23118345656877
SKU_046,1 X 210 LT,South,Bangalore CFA,13.434952370791894
SKU_046,1 X 210 LT,South,Hyderabad CFA,9.588192503941215
SKU_046,1 X 210 LT,West,Bhiwandi CFA,4.073906121858246
SKU_046,1 X 210 LT,West,Ahmedabad CFA,1.0445913132969868
SKU_047,1 X 195 LT,East,Kolkata CFA,2.6427668697288524
SKU_047,1 X 195 LT,East,Kanpur CFA,0
SKU_047,1 X 195 LT,East,Jamshedpur CFA,4.933164823493858
SKU_047,1 X 195 LT,North,Rajpura CFA,12.86934721703325
SKU_047,1 X 195 LT,North,Haryana CFA,28.246473646217016
SKU_047,1 X 195 LT,South,Bangalore CFA,1.4424147191576184
SKU_047,1 X 195 LT,South,Hyderabad CFA,2.290397953765006
SKU_047,1 X 195 LT,West,Bhiwandi CFA,8.632077972037754
SKU_047,1 X 195 LT,West,Ahmedabad CFA,4.835964844010896
SKU_048,1 X 210 LT,East,Kolkata CFA,7.7514463524973864
SKU_048,1 X 210 LT,East,Guwahati CFA,3.875723176248694
SKU_048,1 X 210 LT,East,Kanpur CFA,4.650867811498432
SKU_048,1 X 210 LT,East,Jamshedpur CFA,1.550289270499478
SKU_048,1 X 210 LT,North,Rajpura CFA,3.430916813372254
SKU_048,1 X 210 LT,North,Haryana CFA,23.40375397693218
SKU_048,1 X 210 LT,South,Bangalore CFA,5.741432637090551
SKU_048,1 X 210 LT,South,Hyderabad CFA,4.191245825076101
SKU_048,1 X 210 LT,West,Bhiwandi CFA,12.325046953635889
SKU_048,1 X 210 LT,West,Ahmedabad CFA,6.163088748452221
SKU_049,1 X 210 LT,East,Kolkata CFA,2.633870507689162
SKU_049,1 X 210 LT,East,Guwahati CFA,2.2747063475497296
SKU_049,1 X 210 LT,East,Kanpur CFA,1.3169352538445807
SKU_049,1 X 210 LT,East,Jamshedpur CFA,2.3545206053584926
SKU_049,1 X 210 LT,North,Rajpura CFA,1.0955322225630941
SKU_049,1 X 210 LT,North,Haryana CFA,3.2905589385839917
SKU_049,1 X 210 LT,South,Bangalore CFA,8.456228687149006
SKU_049,1 X 210 LT,South,Hyderabad CFA,5.7770275189433775
SKU_049,1 X 210 LT,West,Bhiwandi CFA,2.6542760522106272
SKU_049,1 X 210 LT,West,Ahmedabad CFA,1.8440233625884357
SKU_050,1 X 195 LT,East,Kolkata CFA,0
SKU_050,1 X 195 LT,East,Kanpur CFA,0.33950211271104674
SKU_050,1 X 195 LT,North,Rajpura CFA,2.644880739587287
SKU_050,1 X 195 LT,North,Haryana CFA,6.329365515070605
SKU_050,1 X 195 LT,South,Bangalore CFA,26.55783167412928
SKU_050,1 X 195 LT,South,Hyderabad CFA,0.16164688573326008
SKU_050,1 X 195 LT,West,Bhiwandi CFA,10.283482557602621
SKU_050,1 X 195 LT,West,Ahmedabad CFA,2.7899797176985945
SKU_051,240 X 40 ML,East,Kolkata CFA,0.498394263044103
SKU_051,240 X 40 ML,East,Guwahati CFA,0.0238874432773159
SKU_051,240 X 40 ML,East,Kanpur CFA,0.5204111864330281
SKU_051,240 X 40 ML,East,Jamshedpur CFA,0.09328846179483155
SKU_051,240 X 40 ML,North,Rajpura CFA,1.1893311637828299
SKU_051,240 X 40 ML,North,Haryana CFA,0.4055518094147977
SKU_051,240 X 40 ML,South,Bangalore CFA,5.009455526101497
SKU_051,240 X 40 ML,South,Hyderabad CFA,36.23769529743092
SKU_051,240 X 40 ML,West,Bhiwandi CFA,6.773054137877671
SKU_051,240 X 40 ML,West,Ahmedabad CFA,0.5090560965724348
SKU_052,1 X 50 LT,East,Kolkata CFA,0.3846115997043218
SKU_052,1 X 50 LT,East,Guwahati CFA,0
SKU_052,1 X 50 LT,East,Kanpur CFA,2.6703318673437404
SKU_052,1 X 50 LT,East,Jamshedpur CFA,0.017482345441105534
SKU_052,1 X 50 LT,North,Rajpura CFA,2.5449389919303473
SKU_052,1 X 50 LT,North,Haryana CFA,12.358331832905355
SKU_052,1 X 50 LT,South,Bangalore CFA,9.41577116483004
SKU_052,1 X 50 LT,South,Hyderabad CFA,4.712134553003228
SKU_052,1 X 50 LT,West,Bhiwandi CFA,6.822282824278935
SKU_052,1 X 50 LT,West,Ahmedabad CFA,4.276337362827649
SKU_053,1 X 210 LT,East,Kolkata CFA,5.434522617950034
SKU_053,1 X 210 LT,East,Guwahati CFA,3.0318915658037024
SKU_053,1 X 210 LT,East,Kanpur CFA,4.976878608017398
SKU_053,1 X 210 LT,East,Jamshedpur CFA,10.182579221001113
SKU_053,1 X 210 LT,North,Rajpura CFA,3.3350503151600854
SKU_053,1 X 210 LT,North,Haryana CFA,8.912634462927816
SKU_053,1 X 210 LT,South,Bangalore CFA,1.5538048704788698
SKU_053,1 X 210 LT,South,Hyderabad CFA,1.7264498560876331
SKU_053,1 X 210 LT,West,Bhiwandi CFA,9.270690283306697
SKU_053,1 X 210 LT,West,Ahmedabad CFA,5.270323928181207
SKU_054,1 X 20 LT,East,Kolkata CFA,7.993145219060738
SKU_054,1 X 20 LT,East,Guwahati CFA,3.610072789267143
SKU_054,1 X 20 LT,East,Kanpur CFA,1.587116283208562
SKU_054,1 X 20 LT,East,Jamshedpur CFA,1.8640700069830203
SKU_054,1 X 20 LT,North,Rajpura CFA,2.0262223835811812
SKU_054,1 X 20 LT,North,Haryana CFA,1.494339007891121
SKU_054,1 X 20 LT,South,Bangalore CFA,2.8628819927844127
SKU_054,1 X 20 LT,South,Hyderabad CFA,4.300829539160218
SKU_054,1 X 20 LT,West,Bhiwandi CFA,3.3329605805582525
SKU_054,1 X 20 LT,West,Ahmedabad CFA,6.465743348470365
SKU_055,1 X 7.5 LT,East,Kolkata CFA,0.11147171929167521
SKU_055,1 X 7.5 LT,East,Guwahati CFA,0
SKU_055,1 X 7.5 LT,East,Kanpur CFA,0.6437760316180035
SKU_055,1 X 7.5 LT,East,Jamshedpur CFA,0.14243608576158504
SKU_055,1 X 7.5 LT,North,Rajpura CFA,0.20454590959555358
SKU_055,1 X 7.5 LT,North,Haryana CFA,0.4525962047052972
SKU_055,1 X 7.5 LT,South,Bangalore CFA,0.6656091297527971
SKU_055,1 X 7.5 LT,South,Hyderabad CFA,2.2315636395227663
SKU_055,1 X 7.5 LT,West,Bhiwandi CFA,1.9569082605616068
SKU_055,1 X 7.5 LT,West,Ahmedabad CFA,1.006094077463877
SKU_056,4 X 3 LT,East,Kolkata CFA,9.953702716724704
SKU_056,4 X 3 LT,East,Guwahati CFA,6.81426806418986
SKU_056,4 X 3 LT,East,Kanpur CFA,4.656377670545434
SKU_056,4 X 3 LT,East,Jamshedpur CFA,0.6300569604181476
SKU_056,4 X 3 LT,North,Rajpura CFA,4.495892926821886
SKU_056,4 X 3 LT,North,Haryana CFA,12.068935912649188
SKU_056,4 X 3 LT,South,Bangalore CFA,0.7701018421569726
SKU_056,4 X 3 LT,South,Hyderabad CFA,0.048777283887702194
SKU_056,4 X 3 LT,West,Bhiwandi CFA,2.677884687042254
SKU_056,4 X 3 LT,West,Ahmedabad CFA,0.3070737218519515
SKU_057,20 X 1 LT,East,Kolkata CFA,5.059471262445564
SKU_057,20 X 1 LT,East,Guwahati CFA,2.2223598876402004
SKU_057,20 X 1 LT,East,Kanpur CFA,2.573497177542094
SKU_057,20 X 1 LT,East,Jamshedpur CFA,0.7330256036487219
SKU_057,20 X 1 LT,North,Rajpura CFA,2.7516152387130446
SKU_057,20 X 1 LT,North,Haryana CFA,4.191843563229837
SKU_057,20 X 1 LT,South,Bangalore CFA,4.4372414147835375
SKU_057,20 X 1 LT,South,Hyderabad CFA,5.091708773651874
SKU_057,20 X 1 LT,West,Bhiwandi CFA,5.212134215938626
SKU_057,20 X 1 LT,West,Ahmedabad CFA,1.1943547790341558
SKU_058,4 X 5 LT,East,Kolkata CFA,5.299397577307846
SKU_058,4 X 5 LT,East,Guwahati CFA,1.1141753809460793
SKU_058,4 X 5 LT,East,Kanpur CFA,4.248093108500767
SKU_058,4 X 5 LT,East,Jamshedpur CFA,1.7812677059509323
SKU_058,4 X 5 LT,North,Rajpura CFA,5.800057335166162
SKU_058,4 X 5 LT,North,Haryana CFA,3.3052378532937308
SKU_058,4 X 5 LT,South,Bangalore CFA,4.798960100813565
SKU_058,4 X 5 LT,South,Hyderabad CFA,7.289905173837136
SKU_058,4 X 5 LT,West,Bhiwandi CFA,10.707475283081347
SKU_058,4 X 5 LT,West,Ahmedabad CFA,3.282153309656726
SKU_059,1 X 10 LT,East,Kolkata CFA,11.59075990333389
SKU_059,1 X 10 LT,East,Guwahati CFA,2.65421569000393
SKU_059,1 X 10 LT,East,Kanpur CFA,7.00917160964676
SKU_059,1 X 10 LT,East,Jamshedpur CFA,0.8226931929937236
SKU_059,1 X 10 LT,North,Rajpura CFA,1.6179636603233343
SKU_059,1 X 10 LT,North,Haryana CFA,3.3968718238897213
SKU_059,1 X 10 LT,South,Bangalore CFA,6.205066716966297
SKU_059,1 X 10 LT,South,Hyderabad CFA,2.395991190071073
SKU_059,1 X 10 LT,West,Bhiwandi CFA,2.64153524025231
SKU_059,1 X 10 LT,West,Ahmedabad CFA,0.645865989037562
SKU_060,4 X 3.5 LT,East,Kolkata CFA,9.211041594669846
SKU_060,4 X 3.5 LT,East,Guwahati CFA,1.2787344351293894
SKU_060,4 X 3.5 LT,East,Kanpur CFA,9.564460318513996
SKU_060,4 X 3.5 LT,East,Jamshedpur CFA,0.5613377149106276
SKU_060,4 X 3.5 LT,North,Rajpura CFA,2.5053887980520604
SKU_060,4 X 3.5 LT,North,Haryana CFA,2.0146569352694073
SKU_060,4 X 3.5 LT,South,Bangalore CFA,1.5150511096156347
SKU_060,4 X 3.5 LT,South,Hyderabad CFA,8.244159569405053
SKU_060,4 X 3.5 LT,West,Bhiwandi CFA,3.785823346103491
SKU_060,4 X 3.5 LT,West,Ahmedabad CFA,1.316068572399209
SKU_061,10 X 1.2 LT,East,Kolkata CFA,4.041999699724385
SKU_061,10 X 1.2 LT,East,Guwahati CFA,0.477275981412157
SKU_061,10 X 1.2 LT,East,Kanpur CFA,7.228588813205132
SKU_061,10 X 1.2 LT,East,Jamshedpur CFA,0.8304217176586519
SKU_061,10 X 1.2 LT,North,Rajpura CFA,0.42699435188979673
SKU_061,10 X 1.2 LT,North,Haryana CFA,2.096138296704942
SKU_061,10 X 1.2 LT,South,Bangalore CFA,4.3794525442143
SKU_061,10 X 1.2 LT,South,Hyderabad CFA,10.558078979338283
SKU_061,10 X 1.2 LT,West,Bhiwandi CFA,8.511022686263033
SKU_061,10 X 1.2 LT,West,Ahmedabad CFA,0.5380033076155065
SKU_062,20 X 1 LT,East,Kolkata CFA,1.5720335138166337
SKU_062,20 X 1 LT,East,Guwahati CFA,3.2062555761316336
SKU_062,20 X 1 LT,East,Kanpur CFA,19.92367994718116
SKU_062,20 X 1 LT,East,Jamshedpur CFA,0.5271496587665213
SKU_062,20 X 1 LT,North,Rajpura CFA,4.47672275623697
SKU_062,20 X 1 LT,North,Haryana CFA,1.7457448820354928
SKU_062,20 X 1 LT,South,Bangalore CFA,14.573353460161142
SKU_062,20 X 1 LT,South,Hyderabad CFA,0.5757688938128415
SKU_062,20 X 1 LT,West,Bhiwandi CFA,1.8597393551668109
SKU_062,20 X 1 LT,West,Ahmedabad CFA,1.1314354709040222
SKU_063,10 X 900 ML,East,Kolkata CFA,35.69106121890038
SKU_063,10 X 900 ML,East,Guwahati CFA,1.5206221046471304
SKU_063,10 X 900 ML,East,Kanpur CFA,5.017325355891617
SKU_063,10 X 900 ML,East,Jamshedpur CFA,0.8120932273182832
SKU_063,10 X 900 ML,North,Rajpura CFA,1.0157053612751374
SKU_063,10 X 900 ML,North,Haryana CFA,2.8193266436413955
SKU_063,10 X 900 ML,South,Bangalore CFA,0.22845632417948913
SKU_063,10 X 900 ML,South,Hyderabad CFA,0.7009484074184251
SKU_063,10 X 900 ML,West,Bhiwandi CFA,1.7632141130351628
SKU_063,10 X 900 ML,West,Ahmedabad CFA,0.9267936624371207
SKU_064,1 X 210 LT,East,Kolkata CFA,1.6760994139840115
SKU_064,1 X 210 LT,East,Guwahati CFA,0.8979104003485774
SKU_064,1 X 210 LT,East,Kanpur CFA,2.27470634754973
SKU_064,1 X 210 LT,East,Jamshedpur CFA,1.4366566405577244
SKU_064,1 X 210 LT,North,Rajpura CFA,3.43160099824963
SKU_064,1 X 210 LT,North,Haryana CFA,9.427791080115606
SKU_064,1 X 210 LT,South,Bangalore CFA,5.394244338516539
SKU_064,1 X 210 LT,South,Hyderabad CFA,2.4665824117469293
SKU_064,1 X 210 LT,West,Bhiwandi CFA,3.6880467251768714
SKU_064,1 X 210 LT,West,Ahmedabad CFA,2.276845303151011
SKU_065,20 X 1 LT,East,Kolkata CFA,6.27361354508527
SKU_065,20 X 1 LT,East,Guwahati CFA,5.838608235337966
SKU_065,20 X 1 LT,East,Kanpur CFA,3.1451184113865254
SKU_065,20 X 1 LT,East,Jamshedpur CFA,0.7823389812754789
SKU_065,20 X 1 LT,North,Rajpura CFA,6.351040364170515
SKU_065,20 X 1 LT,North,Haryana CFA,2.5327542025553758
SKU_065,20 X 1 LT,South,Bangalore CFA,9.619127364600159
SKU_065,20 X 1 LT,South,Hyderabad CFA,3.534045099889699
SKU_065,20 X 1 LT,West,Bhiwandi CFA,8.329401622982484
SKU_065,20 X 1 LT,West,Ahmedabad CFA,0.8661038260469779
SKU_066,1 X 210 LT,East,Kolkata CFA,14.506078360517632
SKU_066,1 X 210 LT,East,Guwahati CFA,3.540173885602517
SKU_066,1 X 210 LT,East,Jamshedpur CFA,0.6044199316882346
SKU_066,1 X 210 LT,North,Haryana CFA,2.960977108051969
SKU_066,1 X 210 LT,South,Bangalore CFA,6.87850622223577
SKU_066,1 X 210 LT,South,Hyderabad CFA,4.7823142379466885
SKU_066,1 X 210 LT,West,Bhiwandi CFA,11.139895273757766
SKU_066,1 X 210 LT,West,Ahmedabad CFA,0
SKU_067,1 X 195 LT,East,Kolkata CFA,2.2903979537650057
SKU_067,1 X 195 LT,East,Jamshedpur CFA,8.280669525150406
SKU_067,1 X 195 LT,North,Rajpura CFA,3.756123710564299
SKU_067,1 X 195 LT,North,Haryana CFA,4.990804645560803
SKU_067,1 X 195 LT,South,Bangalore CFA,11.316867757336707
SKU_067,1 X 195 LT,South,Hyderabad CFA,0.16164688573326008
SKU_067,1 X 195 LT,West,Bhiwandi CFA,8.141675201735245
SKU_067,1 X 195 LT,West,Ahmedabad CFA,2.417982422005448
SKU_068,1 X 15 LT,East,Kolkata CFA,12.024961126607742
SKU_068,1 X 15 LT,East,Guwahati CFA,2.2975732177389494
SKU_068,1 X 15 LT,East,Kanpur CFA,4.276545145300335
SKU_068,1 X 15 LT,East,Jamshedpur CFA,1.9757424608942538
SKU_068,1 X 15 LT,North,Rajpura CFA,4.960212633522023
SKU_068,1 X 15 LT,North,Haryana CFA,0.9153959558386481
SKU_068,1 X 15 LT,South,Bangalore CFA,3.8972246813387437
SKU_068,1 X 15 LT,South,Hyderabad CFA,1.5762734625293762
SKU_068,1 X 15 LT,West,Bhiwandi CFA,3.441785862634376
SKU_068,1 X 15 LT,West,Ahmedabad CFA,0.626744956467371
SKU_069,1 X 10 LT,East,Kolkata CFA,8.275880287807475
SKU_069,1 X 10 LT,East,Guwahati CFA,3.020562966484403
SKU_069,1 X 10 LT,East,Kanpur CFA,3.8130698915756
SKU_069,1 X 10 LT,East,Jamshedpur CFA,1.952076596350722
SKU_069,1 X 10 LT,North,Rajpura CFA,2.2566796513912295
SKU_069,1 X 10 LT,North,Haryana CFA,3.3606023798486713
SKU_069,1 X 10 LT,South,Bangalore CFA,5.352062371222178
SKU_069,1 X 10 LT,South,Hyderabad CFA,4.038063973177133
SKU_069,1 X 10 LT,West,Bhiwandi CFA,4.425494429960426
SKU_069,1 X 10 LT,West,Ahmedabad CFA,0.9183013112523494
SKU_070,1 X 210 LT,East,Kolkata CFA,19.328539179083997
SKU_070,1 X 210 LT,East,Guwahati CFA,4.099993159199638
SKU_070,1 X 210 LT,East,Kanpur CFA,0.46374941207762455
SKU_070,1 X 210 LT,East,Jamshedpur CFA,8.47331919567925
SKU_070,1 X 210 LT,North,Rajpura CFA,4.382128890252377
SKU_070,1 X 210 LT,North,Haryana CFA,0.5799876472392852
SKU_070,1 X 210 LT,South,Bangalore CFA,3.924276111099031
SKU_070,1 X 210 LT,South,Hyderabad CFA,1.1127741935483872
SKU_070,1 X 210 LT,West,Bhiwandi CFA,1.0202487065707744
SKU_070,1 X 210 LT,West,Ahmedabad CFA,0.7025630284391859
SKU_071,4 X 3.5 LT,East,Kolkata CFA,7.201381446046141
SKU_071,4 X 3.5 LT,East,Guwahati CFA,5.748272048913904
SKU_071,4 X 3.5 LT,East,Kanpur CFA,2.7064070300296574
SKU_071,4 X 3.5 LT,East,Jamshedpur CFA,0.5713788527624194
SKU_071,4 X 3.5 LT,North,Rajpura CFA,2.43671495701665
SKU_071,4 X 3.5 LT,North,Haryana CFA,3.1879198773516215
SKU_071,4 X 3.5 LT,South,Bangalore CFA,2.686969921806218
SKU_071,4 X 3.5 LT,South,Hyderabad CFA,1.3527830655314248
SKU_071,4 X 3.5 LT,West,Bhiwandi CFA,3.410625355068465
SKU_071,4 X 3.5 LT,West,Ahmedabad CFA,0.9431787664683449
SKU_072,1 X 210 LT,East,Kolkata CFA,3.0357937375346817
SKU_072,1 X 210 LT,East,Guwahati CFA,0.359164160139431
SKU_072,1 X 210 LT,East,Kanpur CFA,0.5387462402091465
SKU_072,1 X 210 LT,East,Jamshedpur CFA,3.7947421719183527
SKU_072,1 X 210 LT,North,Rajpura CFA,0.1802544815312963
SKU_072,1 X 210 LT,North,Haryana CFA,5.811006231273472
SKU_072,1 X 210 LT,South,Bangalore CFA,7.187581658809703
SKU_072,1 X 210 LT,South,Hyderabad CFA,3.4152679547265175
SKU_072,1 X 210 LT,West,Bhiwandi CFA,5.207962139704042
SKU_072,1 X 210 LT,West,Ahmedabad CFA,4.6070434312766535
SKU_073,1 X 210 LT,East,Kolkata CFA,0.9583451994364194
SKU_073,1 X 210 LT,East,Guwahati CFA,0
SKU_073,1 X 210 LT,East,Kanpur CFA,1.0861245593612752
SKU_073,1 X 210 LT,East,Jamshedpur CFA,0
SKU_073,1 X 210 LT,North,Rajpura CFA,1.114332393939154
SKU_073,1 X 210 LT,North,Haryana CFA,4.66394663725724
SKU_073,1 X 210 LT,South,Bangalore CFA,5.800546228069908
SKU_073,1 X 210 LT,South,Hyderabad CFA,3.411822252981057
SKU_073,1 X 210 LT,West,Bhiwandi CFA,4.229531680249436
SKU_073,1 X 210 LT,West,Ahmedabad CFA,1.2212028090861047
SKU_074,1 X 210 LT,East,Kolkata CFA,3.8828190222495205
SKU_074,1 X 210 LT,East,Guwahati CFA,2.095124267480015
SKU_074,1 X 210 LT,East,Kanpur CFA,2.154118056138426
SKU_074,1 X 210 LT,East,Jamshedpur CFA,0.9333699572715196
SKU_074,1 X 210 LT,North,Rajpura CFA,0.2685444003762202
SKU_074,1 X 210 LT,North,Haryana CFA,1.4177475821404752
SKU_074,1 X 210 LT,South,Bangalore CFA,3.3122908845145362
SKU_074,1 X 210 LT,South,Hyderabad CFA,4.586619082418604
SKU_074,1 X 210 LT,West,Bhiwandi CFA,4.4703596668810555
SKU_074,1 X 210 LT,West,Ahmedabad CFA,2.8460566289387645
SKU_075,10 X 1 LT,East,Kolkata CFA,19.803419639543907
SKU_075,10 X 1 LT,East,Guwahati CFA,0.3687096552416167
SKU_075,10 X 1 LT,East,Kanpur CFA,4.817690914654695
SKU_075,10 X 1 LT,East,Jamshedpur CFA,0.405832284488564
SKU_075,10 X 1 LT,North,Rajpura CFA,0.6312152810872952
SKU_075,10 X 1 LT,North,Haryana CFA,5.203354376152742
SKU_075,10 X 1 LT,South,Bangalore CFA,0.8649040788069474
SKU_075,10 X 1 LT,South,Hyderabad CFA,0.6460319651054596
SKU_075,10 X 1 LT,West,Bhiwandi CFA,3.1211132208587564
SKU_075,10 X 1 LT,West,Ahmedabad CFA,0.3783541363971161
SKU_076,1 X 195 LT,East,Kolkata CFA,0
SKU_076,1 X 195 LT,East,Kanpur CFA,0
SKU_076,1 X 195 LT,East,Jamshedpur CFA,0
SKU_076,1 X 195 LT,North,Rajpura CFA,11.181286821770566
SKU_076,1 X 195 LT,North,Haryana CFA,9.673944272486946
SKU_076,1 X 195 LT,South,Bangalore CFA,4.323173566099896
SKU_076,1 X 195 LT,South,Hyderabad CFA,0
SKU_076,1 X 195 LT,West,Bhiwandi CFA,3.0603193943320974
SKU_076,1 X 195 LT,West,Ahmedabad CFA,0.35236891596384706
SKU_077,1 X 210 LT,East,Kolkata CFA,3.3521988279680226
SKU_077,1 X 210 LT,East,Guwahati CFA,2.035263574123442
SKU_077,1 X 210 LT,East,Kanpur CFA,0.4190248534960029
SKU_077,1 X 210 LT,East,Jamshedpur CFA,0.4190248534960028
SKU_077,1 X 210 LT,North,Rajpura CFA,1.4420358522503705
SKU_077,1 X 210 LT,North,Haryana CFA,6.023459000950719
SKU_077,1 X 210 LT,South,Bangalore CFA,0.8201431155923009
SKU_077,1 X 210 LT,South,Hyderabad CFA,5.777027518943379
SKU_077,1 X 210 LT,West,Bhiwandi CFA,2.905733783472686
SKU_077,1 X 210 LT,West,Ahmedabad CFA,0.27939747918006613
SKU_078,1 X 210 LT,East,Kolkata CFA,6.157742073744101
SKU_078,1 X 210 LT,East,Guwahati CFA,0.8680517460784632
SKU_078,1 X 210 LT,East,Kanpur CFA,0.6781654266237995
SKU_078,1 X 210 LT,East,Jamshedpur CFA,1.4648373215074066
SKU_078,1 X 210 LT,North,Rajpura CFA,0.6886878868704082
SKU_078,1 X 210 LT,North,Haryana CFA,1.529976331019631
SKU_078,1 X 210 LT,South,Bangalore CFA,10.096901527780753
SKU_078,1 X 210 LT,South,Hyderabad CFA,8.356861436748087
SKU_078,1 X 210 LT,West,Bhiwandi CFA,1.8999028584244486
SKU_078,1 X 210 LT,West,Ahmedabad CFA,1.001531180712316
SKU_079,4 X 5 LT,East,Kolkata CFA,0.9157353920722126
SKU_079,4 X 5 LT,East,Guwahati CFA,0.696488031979172
SKU_079,4 X 5 LT,East,Kanpur CFA,4.22546045115445
SKU_079,4 X 5 LT,East,Jamshedpur CFA,0.18727344239951663
SKU_079,4 X 5 LT,North,Rajpura CFA,0.41159592630115843
SKU_079,4 X 5 LT,North,Haryana CFA,0.4110329682232363
SKU_079,4 X 5 LT,South,Bangalore CFA,1.6290980176758691
SKU_079,4 X 5 LT,South,Hyderabad CFA,0.9269389677076497
SKU_079,4 X 5 LT,West,Bhiwandi CFA,0.17332282334524712
SKU_079,4 X 5 LT,West,Ahmedabad CFA,0.1598964074523055
SKU_080,1 X 210 LT,East,Kolkata CFA,4.74342771489794
SKU_080,1 X 210 LT,East,Guwahati CFA,4.19024853496003
SKU_080,1 X 210 LT,East,Kanpur CFA,0.3656176598426657
SKU_080,1 X 210 LT,East,Jamshedpur CFA,1.0774924804182935
SKU_080,1 X 210 LT,North,Rajpura CFA,0.7733168629857138
SKU_080,1 X 210 LT,North,Haryana CFA,3.5031901159514582
SKU_080,1 X 210 LT,South,Bangalore CFA,7.430398448887473
SKU_080,1 X 210 LT,South,Hyderabad CFA,1.8084607885387964
SKU_080,1 X 210 LT,West,Bhiwandi CFA,9.306764419581663
SKU_080,1 X 210 LT,West,Ahmedabad CFA,5.808880848131432
SKU_081,1 X 10 LT,East,Kolkata CFA,4.062111642784245
SKU_081,1 X 10 LT,East,Guwahati CFA,0.5865987597676752
SKU_081,1 X 10 LT,East,Kanpur CFA,5.607401262146077
SKU_081,1 X 10 LT,East,Jamshedpur CFA,1.1782836359495203
SKU_081,1 X 10 LT,North,Rajpura CFA,2.37857593325937
SKU_081,1 X 10 LT,North,Haryana CFA,13.28251877931811
SKU_081,1 X 10 LT,South,Bangalore CFA,2.445387485248993
SKU_081,1 X 10 LT,South,Hyderabad CFA,2.03102237825618
SKU_081,1 X 10 LT,West,Bhiwandi CFA,3.240609047183015
SKU_081,1 X 10 LT,West,Ahmedabad CFA,2.296947423118574
SKU_082,1 X 210 LT,East,Kolkata CFA,2.9746860645621234
SKU_082,1 X 210 LT,East,Guwahati CFA,2.288220049663172
SKU_082,1 X 210 LT,East,Kanpur CFA,4.633645600567923
SKU_082,1 X 210 LT,East,Jamshedpur CFA,7.9515646725795195
SKU_082,1 X 210 LT,North,Rajpura CFA,2.300034700110403
SKU_082,1 X 210 LT,North,Haryana CFA,5.4625824127622105
SKU_082,1 X 210 LT,South,Bangalore CFA,0.9783215851163254
SKU_082,1 X 210 LT,South,Hyderabad CFA,1.2660632277975976
SKU_082,1 X 210 LT,West,Bhiwandi CFA,5.524315442792349
SKU_082,1 X 210 LT,West,Ahmedabad CFA,4.000366355125495
SKU_083,4 X 5 LT,East,Kolkata CFA,1.359611239343337
SKU_083,4 X 5 LT,East,Guwahati CFA,0.03235194529248941
SKU_083,4 X 5 LT,East,Kanpur CFA,4.309888452334404
SKU_083,4 X 5 LT,East,Jamshedpur CFA,0.17503231940295555
SKU_083,4 X 5 LT,North,Rajpura CFA,5.354729349044545
SKU_083,4 X 5 LT,North,Haryana CFA,7.562317803443766
SKU_083,4 X 5 LT,South,Bangalore CFA,1.4368287057380909
SKU_083,4 X 5 LT,South,Hyderabad CFA,3.2236758958728275
SKU_083,4 X 5 LT,West,Bhiwandi CFA,5.6636830767363975
SKU_083,4 X 5 LT,West,Ahmedabad CFA,1.1844178091008708
SKU_084,4 X 4.5 LT,East,Kolkata CFA,2.9369539401451763
SKU_084,4 X 4.5 LT,East,Guwahati CFA,0.21522511805342442
SKU_084,4 X 4.5 LT,East,Kanpur CFA,8.550980318884632
SKU_084,4 X 4.5 LT,East,Jamshedpur CFA,0.38633577091577426
SKU_084,4 X 4.5 LT,North,Rajpura CFA,0.6658681989814498
SKU_084,4 X 4.5 LT,North,Haryana CFA,8.277136905725476
SKU_084,4 X 4.5 LT,South,Bangalore CFA,0.4399319805746684
SKU_084,4 X 4.5 LT,South,Hyderabad CFA,0.10601639531881353
SKU_084,4 X 4.5 LT,West,Bhiwandi CFA,5.8313921999835365
SKU_084,4 X 4.5 LT,West,Ahmedabad CFA,3.980044999616159
SKU_085,1 X 210 LT,East,Kolkata CFA,0.6341742358799256
SKU_085,1 X 210 LT,East,Guwahati CFA,0.691826439141737
SKU_085,1 X 210 LT,East,Kanpur CFA,2.7673057565669477
SKU_085,1 X 210 LT,East,Jamshedpur CFA,0
SKU_085,1 X 210 LT,North,Rajpura CFA,0.9876895022732669
SKU_085,1 X 210 LT,North,Haryana CFA,4.589851216446357
SKU_085,1 X 210 LT,South,Bangalore CFA,10.515076810828191
SKU_085,1 X 210 LT,South,Hyderabad CFA,2.2711400984575816
SKU_085,1 X 210 LT,West,Bhiwandi CFA,6.111726926394351
SKU_085,1 X 210 LT,West,Ahmedabad CFA,2.8559471618665184
SKU_086,20 X 800 ML,East,Kolkata CFA,2.4254234930856793
SKU_086,20 X 800 ML,East,Guwahati CFA,0.09258652914228736
SKU_086,20 X 800 ML,East,Kanpur CFA,1.020355617902094
SKU_086,20 X 800 ML,East,Jamshedpur CFA,0.7200589897891176
SKU_086,20 X 800 ML,North,Rajpura CFA,3.342727566982101
SKU_086,20 X 800 ML,North,Haryana CFA,8.659016474061804
SKU_086,20 X 800 ML,South,Bangalore CFA,1.30085610170859
SKU_086,20 X 800 ML,South,Hyderabad CFA,7.224612940600142
SKU_086,20 X 800 ML,West,Bhiwandi CFA,2.6231260494636226
SKU_086,20 X 800 ML,West,Ahmedabad CFA,1.2208775872517263
SKU_087,1 X 210 LT,East,Kolkata CFA,0
SKU_087,1 X 210 LT,East,Kanpur CFA,2.384906314140424
SKU_087,1 X 210 LT,East,Jamshedpur CFA,0
SKU_087,1 X 210 LT,North,Rajpura CFA,8.825356530563335
SKU_087,1 X 210 LT,North,Haryana CFA,16.384856057574424
SKU_087,1 X 210 LT,South,Bangalore CFA,4.00860672339878
SKU_087,1 X 210 LT,South,Hyderabad CFA,2.6563195203428465
SKU_087,1 X 210 LT,West,Bhiwandi CFA,2.1374764673512168
SKU_087,1 X 210 LT,West,Ahmedabad CFA,3.98447928051427
SKU_088,1 X 210 LT,East,Kolkata CFA,0
SKU_088,1 X 210 LT,East,Kanpur CFA,0.18280882992133285
SKU_088,1 X 210 LT,East,Jamshedpur CFA,0.8400000000000001
SKU_088,1 X 210 LT,North,Rajpura CFA,0
SKU_088,1 X 210 LT,North,Haryana CFA,5.414738472371798
SKU_088,1 X 210 LT,South,Bangalore CFA,8.999668912015025
SKU_088,1 X 210 LT,South,Hyderabad CFA,0.5692113257877528
SKU_088,1 X 210 LT,West,Bhiwandi CFA,4.006124722849264
SKU_088,1 X 210 LT,West,Ahmedabad CFA,0.8012249445698526
SKU_089,1 X 210 LT,East,Kolkata CFA,2.8460566289387645
SKU_089,1 X 210 LT,North,Rajpura CFA,1.492694484664999
SKU_089,1 X 210 LT,North,Haryana CFA,1.3201723129304075
SKU_089,1 X 210 LT,South,Bangalore CFA,10.5393691854219
SKU_089,1 X 210 LT,South,Hyderabad CFA,0
SKU_089,1 X 210 LT,West,Bhiwandi CFA,4.40673719513419
SKU_089,1 X 210 LT,West,Ahmedabad CFA,3.8058184867068015
SKU_090,4 X 3.5 LT,East,Kolkata CFA,4.650867811498432
SKU_090,4 X 3.5 LT,East,Guwahati CFA,9.301735622996862
SKU_090,4 X 3.5 LT,East,Kanpur CFA,0.7751446352497386
SKU_090,4 X 3.5 LT,East,Jamshedpur CFA,0.7751446352497386
SKU_090,4 X 3.5 LT,North,Rajpura CFA,14.099434333048837
SKU_090,4 X 3.5 LT,North,Haryana CFA,4.579661282135287
SKU_090,4 X 3.5 LT,South,Bangalore CFA,1.869793228812489
SKU_090,4 X 3.5 LT,South,Hyderabad CFA,1.5884630295950524
SKU_090,4 X 3.5 LT,West,Bhiwandi CFA,1.0681219707463128
SKU_090,4 X 3.5 LT,West,Ahmedabad CFA,2.6741537620402855
SKU_091,1 X 210 LT,East,Kolkata CFA,1.7076339773632587
SKU_091,1 X 210 LT,East,Guwahati CFA,0.1795820800697155
SKU_091,1 X 210 LT,East,Kanpur CFA,0.7183283202788621
SKU_091,1 X 210 LT,East,Jamshedpur CFA,0.2974893133571072
SKU_091,1 X 210 LT,North,Rajpura CFA,0.45110150340833305
SKU_091,1 X 210 LT,North,Haryana CFA,0.6538635681426184
SKU_091,1 X 210 LT,South,Bangalore CFA,4.770091844333627
SKU_091,1 X 210 LT,South,Hyderabad CFA,2.611218923383432
SKU_091,1 X 210 LT,West,Bhiwandi CFA,3.004593542136948
SKU_091,1 X 210 LT,West,Ahmedabad CFA,1.8027561252821689
SKU_092,12 X 600 ML,East,Kolkata CFA,4.9011088673186585
SKU_092,12 X 600 ML,East,Guwahati CFA,1.2438557815674292
SKU_092,12 X 600 ML,East,Kanpur CFA,2.292681770797441
SKU_092,12 X 600 ML,East,Jamshedpur CFA,0.6392541130756397
SKU_092,12 X 600 ML,North,Rajpura CFA,6.599103989615729
SKU_092,12 X 600 ML,North,Haryana CFA,2.6795630738549665
SKU_092,12 X 600 ML,South,Bangalore CFA,2.375159358708911
SKU_092,12 X 600 ML,South,Hyderabad CFA,5.742629613374456
SKU_092,12 X 600 ML,West,Bhiwandi CFA,3.241125124906258
SKU_092,12 X 600 ML,West,Ahmedabad CFA,1.841137757398357
SKU_093,1 X 210 LT,East,Kolkata CFA,3.375124573253178
SKU_093,1 X 210 LT,East,Guwahati CFA,1.7161650372473787
SKU_093,1 X 210 LT,East,Kanpur CFA,2.9174805633205434
SKU_093,1 X 210 LT,East,Jamshedpur CFA,3.4895355757363364
SKU_093,1 X 210 LT,North,Rajpura CFA,1.8975286275910834
SKU_093,1 X 210 LT,North,Haryana CFA,5.23257894275117
SKU_093,1 X 210 LT,South,Bangalore CFA,2.5321264555951952
SKU_093,1 X 210 LT,South,Hyderabad CFA,2.244384812913923
SKU_093,1 X 210 LT,West,Bhiwandi CFA,6.095796350667418
SKU_093,1 X 210 LT,West,Ahmedabad CFA,2.0319321168891404
SKU_094,4 X 5 LT,East,Kolkata CFA,2.9236692520790624
SKU_094,4 X 5 LT,East,Guwahati CFA,0.6044001672172721
SKU_094,4 X 5 LT,East,Kanpur CFA,4.057875931629247
SKU_094,4 X 5 LT,East,Jamshedpur CFA,0.45944584941341016
SKU_094,4 X 5 LT,North,Rajpura CFA,2.884969168307121
SKU_094,4 X 5 LT,North,Haryana CFA,2.3853424297400756
SKU_094,4 X 5 LT,South,Bangalore CFA,2.9443393541470906
SKU_094,4 X 5 LT,South,Hyderabad CFA,2.868078351788153
SKU_094,4 X 5 LT,West,Bhiwandi CFA,3.086258781441401
SKU_094,4 X 5 LT,West,Ahmedabad CFA,2.677990585678728
SKU_095,10 X 1.2 LT,East,Kolkata CFA,4.987242311079116
SKU_095,10 X 1.2 LT,East,Guwahati CFA,0.35948670815357736
SKU_095,10 X 1.2 LT,East,Kanpur CFA,0.12651190964402612
SKU_095,10 X 1.2 LT,East,Jamshedpur CFA,0.025023692757719304
SKU_095,10 X 1.2 LT,North,Rajpura CFA,0.00827118800596759
SKU_095,10 X 1.2 LT,North,Haryana CFA,0.012610425381347762
SKU_095,10 X 1.2 LT,South,Bangalore CFA,0.867575182478449
SKU_095,10 X 1.2 LT,South,Hyderabad CFA,21.43644454695028
SKU_095,10 X 1.2 LT,West,Bhiwandi CFA,2.732733608014714
SKU_095,10 X 1.2 LT,West,Ahmedabad CFA,3.160360232981386
SKU_096,4 X 3 LT,East,Kolkata CFA,6.669613503239574
SKU_096,4 X 3 LT,East,Guwahati CFA,3.2196260006549227
SKU_096,4 X 3 LT,East,Kanpur CFA,5.89773336002225
SKU_096,4 X 3 LT,East,Jamshedpur CFA,1.3809147747257766
SKU_096,4 X 3 LT,North,Rajpura CFA,3.543293664436449
SKU_096,4 X 3 LT,North,Haryana CFA,2.8331320726749967
SKU_096,4 X 3 LT,South,Bangalore CFA,1.796242252465718
SKU_096,4 X 3 LT,South,Hyderabad CFA,1.3420748595943637
SKU_096,4 X 3 LT,West,Bhiwandi CFA,1.2524271313453421
SKU_096,4 X 3 LT,West,Ahmedabad CFA,0.4566356312412542
SKU_097,4 X 3 LT,East,Kolkata CFA,6.231758986021325
SKU_097,4 X 3 LT,East,Guwahati CFA,9.38619702757431
SKU_097,4 X 3 LT,East,Kanpur CFA,4.707588280096376
SKU_097,4 X 3 LT,East,Jamshedpur CFA,1.2423990615748006
SKU_097,4 X 3 LT,North,Rajpura CFA,0.7900574049799771
SKU_097,4 X 3 LT,North,Haryana CFA,0.9094730964056963
SKU_097,4 X 3 LT,South,Bangalore CFA,3.3927105629755383
SKU_097,4 X 3 LT,South,Hyderabad CFA,1.3247600312635708
SKU_097,4 X 3 LT,West,Bhiwandi CFA,0.29822705558609436
SKU_097,4 X 3 LT,West,Ahmedabad CFA,0.1514075820667864
SKU_098,1 X 195 LT,East,Kanpur CFA,0.5092531690665701
SKU_098,1 X 195 LT,East,Jamshedpur CFA,0
SKU_098,1 X 195 LT,North,Rajpura CFA,2.651324582139312
SKU_098,1 X 195 LT,North,Haryana CFA,7.760106263866118
SKU_098,1 X 195 LT,South,Bangalore CFA,15.328270707003917
SKU_098,1 X 195 LT,South,Hyderabad CFA,0
SKU_098,1 X 195 LT,West,Bhiwandi CFA,1.0661860502699911
SKU_098,1 X 195 LT,West,Ahmedabad CFA,1.673987830619157
SKU_099,1 X 10 LT,East,Kolkata CFA,3.8410792571383854
SKU_099,1 X 10 LT,East,Guwahati CFA,0.7064517813969705
SKU_099,1 X 10 LT,East,Kanpur CFA,1.8491616340498198
SKU_099,1 X 10 LT,East,Jamshedpur CFA,1.0475670701286506
SKU_099,1 X 10 LT,North,Rajpura CFA,1.5609885176202174
SKU_099,1 X 10 LT,North,Haryana CFA,2.0247494891276303
SKU_099,1 X 10 LT,South,Bangalore CFA,2.777304755985401
SKU_099,1 X 10 LT,South,Hyderabad CFA,3.737881663154477
SKU_099,1 X 10 LT,West,Bhiwandi CFA,5.208215745408049
SKU_099,1 X 10 LT,West,Ahmedabad CFA,2.1328562484110356
SKU_100,1 X 210 LT,East,Kolkata CFA,0.4190248534960029
SKU_100,1 X 210 LT,East,Kanpur CFA,0
SKU_100,1 X 210 LT,East,Jamshedpur CFA,1.487446566785536
SKU_100,1 X 210 LT,North,Rajpura CFA,0.6778193097529627
SKU_100,1 X 210 LT,North,Haryana CFA,1.9739847387013125
SKU_100,1 X 210 LT,South,Bangalore CFA,0.4657708990139032
SKU_100,1 X 210 LT,South,Hyderabad CFA,2.4665824117469293
SKU_100,1 X 210 LT,West,Bhiwandi CFA,3.4052060144218737
SKU_100,1 X 210 LT,West,Ahmedabad CFA,3.6050050633224346
